{"files":{"index.html":{"frameworks":["DIP_Prototytpe","pg.project.items","pg.fontawesome","pg.asset.manager","pg.insight.events","pg.css.grid","pg.code-validator","pg.image.overlay","bs4","pg.html","pg.components"],"last_page_width":1024},"dip-index.html":{"frameworks":["001","pg.project.items","pg.fontawesome","pg.asset.manager","pg.insight.events","pg.css.grid","pg.code-validator","pg.image.overlay","bs4","pg.html","pg.components"],"last_page_width":1024},"er-quote-index.html":{"frameworks":["pg.css.grid","pg.asset.manager","pg.fontawesome","pg.project.items","pg.insight.events","pg.code-validator","pg.image.overlay","bs4","pg.html","pg.components"],"last_page_width":1535},"er-quote-adviserselect.html":{"frameworks":["pg.css.grid","pg.asset.manager","pg.fontawesome","pg.project.items","pg.insight.events","pg.code-validator","pg.image.overlay","bs4","pg.html","pg.components"],"last_page_width":1024},"Q700611.html":{"frameworks":["001","pg.code-validator","pg.fontawesome","pg.asset.manager","pg.insight.events","pg.project.items","pg.image.overlay","pg.css.grid","bs4","pg.html","pg.components"],"last_page_width":1024},"dip-application.html":{"frameworks":["001","pg.project.items","pg.fontawesome","pg.asset.manager","pg.insight.events","pg.code-validator","pg.css.grid","pg.image.overlay","bs4","pg.html","pg.components"],"last_page_width":1734},"dip-applicantDetails.html":{"frameworks":["001","pg.code-validator","pg.fontawesome","pg.asset.manager","pg.insight.events","pg.project.items","pg.css.grid","pg.image.overlay","bs4","pg.html","pg.components"],"last_page_width":1024},"dip-productSelection.html":{"frameworks":["001","pg.project.items","pg.fontawesome","pg.asset.manager","pg.insight.events","pg.code-validator","pg.css.grid","pg.image.overlay","bs4","pg.html","pg.components"],"last_page_width":1024},"dashboard.html":{"frameworks":["001","pg.insight.events","pg.asset.manager","pg.project.items","pg.code-validator","pg.css.grid","pg.fontawesome","pg.image.overlay","bs4","pg.html","pg.components"],"last_page_width":1024},"adviser-search.html":{"frameworks":["001","pg.insight.events","pg.asset.manager","pg.project.items","pg.css.grid","pg.fontawesome","pg.code-validator","pg.image.overlay","bs4","pg.html","pg.components"],"last_page_width":1024},"beginQuote.html":{"frameworks":["001","pg.code-validator","pg.fontawesome","pg.asset.manager","pg.insight.events","pg.project.items","pg.css.grid","pg.image.overlay","bs4","pg.html","pg.components"],"last_page_width":1024},"beginApplication.html":{"frameworks":["001","pg.code-validator","pg.fontawesome","pg.asset.manager","pg.insight.events","pg.project.items","pg.css.grid","pg.image.overlay","bs4","pg.html","pg.components"],"last_page_width":1024},"applicantDetails.html":{"frameworks":["001","pg.code-validator","pg.fontawesome","pg.asset.manager","pg.insight.events","pg.project.items","pg.css.grid","pg.image.overlay","bs4","pg.html","pg.components"],"last_page_width":1024},"quote-applicantDetails.html":{"frameworks":["001","pg.code-validator","pg.fontawesome","pg.asset.manager","pg.insight.events","pg.project.items","pg.css.grid","pg.image.overlay","bs4","pg.html","pg.components"],"last_page_width":1024},"applicantDetails-sidenav.html":{"frameworks":["001","pg.code-validator","pg.fontawesome","pg.asset.manager","pg.insight.events","pg.project.items","pg.css.grid","pg.image.overlay","bs4","pg.html","pg.components"],"last_page_width":1659},"eligibilit-sidenav.html":{"frameworks":["001","002","pg.project.items","pg.fontawesome","pg.asset.manager","pg.insight.events","pg.code-validator","pg.css.grid","pg.image.overlay","bs4","pg.html","pg.components"],"last_page_width":1646},"product-sidenav.html":{"frameworks":["001","pg.code-validator","pg.fontawesome","pg.asset.manager","pg.insight.events","pg.project.items","pg.css.grid","pg.image.overlay","bs4","pg.html","pg.components"],"last_page_width":1024},"loanAndProperty-sidenav.html":{"frameworks":["001","pg.code-validator","pg.fontawesome","pg.asset.manager","pg.insight.events","pg.project.items","pg.css.grid","pg.image.overlay","bs4","pg.html","pg.components"],"last_page_width":1024},"income-sidenav.html":{"frameworks":["001","pg.fontawesome","pg.asset.manager","pg.project.items","pg.code-validator","pg.insight.events","pg.css.grid","pg.image.overlay","bs4","pg.html","pg.components"],"last_page_width":1024},"income-borrowing.html":{"frameworks":["001","pg.insight.events","pg.project.items","pg.fontawesome","pg.code-validator","pg.asset.manager","pg.css.grid","pg.image.overlay","bs4","pg.html","pg.components"],"last_page_width":1689},"borrowingQuestions-sidenav.html":{"frameworks":["001","pg.insight.events","pg.asset.manager","pg.project.items","pg.code-validator","pg.fontawesome","pg.image.overlay","pg.css.grid","bs4","pg.html","pg.components"],"last_page_width":1024},"expenditure-sidenav.html":{"frameworks":["001","pg.code-validator","pg.fontawesome","pg.asset.manager","pg.insight.events","pg.project.items","pg.css.grid","pg.image.overlay","bs4","pg.html","pg.components"],"last_page_width":1024},"submission-sidenav.html":{"frameworks":["001","pg.code-validator","pg.fontawesome","pg.asset.manager","pg.insight.events","pg.project.items","pg.css.grid","pg.image.overlay","bs4","pg.html","pg.components"],"last_page_width":1024},"dip-dashboard.html":{"frameworks":["001","pg.insight.events","pg.asset.manager","pg.project.items","pg.css.grid","pg.fontawesome","pg.code-validator","pg.image.overlay","bs4","pg.html","pg.components"],"last_page_width":1278},"H019185.html":{"frameworks":["001","pg.insight.events","pg.asset.manager","pg.project.items","pg.css.grid","pg.fontawesome","pg.code-validator","pg.image.overlay","bs4","pg.html","pg.components"],"last_page_width":1606},"success.html":{"frameworks":["001","pg.css.grid","pg.asset.manager","pg.project.items","pg.code-validator","pg.insight.events","pg.fontawesome","pg.image.overlay","bs4","pg.html","pg.components"],"last_page_width":1024},"dashboard002.html":{"frameworks":["001","pg.chocka-blocks","pg.insight.events","pg.asset.manager","pg.project.items","pg.code-validator","pg.fontawesome","pg.image.overlay","pg.css.grid","bs4","pg.html","pg.components"],"last_page_width":1478},"dashboard003.html":{"frameworks":["cards","001","pg.chocka-blocks","pg.insight.events","pg.asset.manager","pg.project.items","pg.code-validator","pg.fontawesome","pg.image.overlay","pg.css.grid","bs4","pg.html","pg.components"],"last_page_width":1024},"income-app1.html":{"frameworks":["001","pg.project.items","pg.fontawesome","pg.asset.manager","pg.insight.events","pg.code-validator","pg.css.grid","pg.image.overlay","bs4","pg.html","pg.components"],"last_page_width":1024},"_pgbackup/beginApplication_1549379552.html":{"frameworks":["001","pg.insight.events","pg.fontawesome","pg.css.grid","pg.image.overlay","pg.code-validator","pg.project.items","pg.asset.manager","pg.html","pg.components"],"last_page_width":1024},"borrowing-sidenav.html":{"frameworks":["001","pg.insight.events","pg.asset.manager","pg.project.items","pg.css.grid","pg.fontawesome","pg.code-validator","pg.image.overlay","bs4","pg.html","pg.components"],"last_page_width":1662},"borrowing1.html":{"frameworks":["001","pg.insight.events","pg.asset.manager","pg.project.items","pg.css.grid","pg.fontawesome","pg.code-validator","pg.image.overlay","bs4","pg.html","pg.components"],"last_page_width":1683}},"breakpoints":["20em","30em","40em","50em","60em","70em","481px","550px","576px","600px","750px","768px","800px","992px","1025px","1030px","1200px","1600px"],"frameworks":["001","002","pg.project.items","pg.fontawesome","pg.asset.manager","pg.insight.events","pg.code-validator","pg.css.grid","pg.image.overlay","bs4","pg.html","pg.components"],"cs-for-overrides":"css/broker-portal.css"}